source_url,http_head_status,final_url
https://www.onskillit.com/,200,https://www.onskillit.com/
https://www.onskillit.com/2-columns-sidebar/,404,https://www.onskillit.com/2-columns-sidebar/
https://www.onskillit.com/2-columns/,404,https://www.onskillit.com/2-columns/
https://www.onskillit.com/3-columns/,404,https://www.onskillit.com/3-columns/
https://www.onskillit.com/about-us-02/,404,https://www.onskillit.com/about-us-02/
https://www.onskillit.com/about-us/,404,https://www.onskillit.com/about-us/
https://www.onskillit.com/blog-grid/,404,https://www.onskillit.com/blog-grid/
https://www.onskillit.com/blog-lists/,404,https://www.onskillit.com/blog-lists/
https://www.onskillit.com/blog-widget/,404,https://www.onskillit.com/blog-widget/
https://www.onskillit.com/blog/,404,https://www.onskillit.com/blog/
https://www.onskillit.com/cart-3/,404,https://www.onskillit.com/cart-3/
https://www.onskillit.com/coming-soon/,404,https://www.onskillit.com/coming-soon/
https://www.onskillit.com/contact/,404,https://www.onskillit.com/contact/
https://www.onskillit.com/course-category/business/?tutor-course-filter-category=34,404,https://www.onskillit.com/course-category/business/?tutor-course-filter-category=34
https://www.onskillit.com/course-category/development/?tutor-course-filter-category=39,404,https://www.onskillit.com/course-category/development/?tutor-course-filter-category=39
https://www.onskillit.com/course-category/health/?tutor-course-filter-category=54,404,https://www.onskillit.com/course-category/health/?tutor-course-filter-category=54
https://www.onskillit.com/course-category/technology/?tutor-course-filter-category=77,404,https://www.onskillit.com/course-category/technology/?tutor-course-filter-category=77
https://www.onskillit.com/course-category/ui-ux-design/?tutor-course-filter-category=79,404,https://www.onskillit.com/course-category/ui-ux-design/?tutor-course-filter-category=79
https://www.onskillit.com/courses/30-days-weight-loss-yoga-fitness-course/,404,https://www.onskillit.com/courses/30-days-weight-loss-yoga-fitness-course/
https://www.onskillit.com/courses/android-app-development/,404,https://www.onskillit.com/courses/android-app-development/
https://www.onskillit.com/courses/complete-digital-marketing-course/,404,https://www.onskillit.com/courses/complete-digital-marketing-course/
https://www.onskillit.com/courses/digital-teacher-training/,404,https://www.onskillit.com/courses/digital-teacher-training/
https://www.onskillit.com/courses/healthy-food-recipes-for-beginners/,404,https://www.onskillit.com/courses/healthy-food-recipes-for-beginners/
https://www.onskillit.com/courses/the-complete-react-web-developer-course/,404,https://www.onskillit.com/courses/the-complete-react-web-developer-course/
https://www.onskillit.com/courses/ux-design-thinking-for-beginners/,404,https://www.onskillit.com/courses/ux-design-thinking-for-beginners/
https://www.onskillit.com/courses/wordpress-website-development-course/,404,https://www.onskillit.com/courses/wordpress-website-development-course/
https://www.onskillit.com/dashboard-2/,404,https://www.onskillit.com/dashboard-2/
https://www.onskillit.com/events/world-education-day-conference/,404,https://www.onskillit.com/events/world-education-day-conference/
https://www.onskillit.com/faqs/,404,https://www.onskillit.com/faqs/
https://www.onskillit.com/home-business-coach-tutor/,404,https://www.onskillit.com/home-business-coach-tutor/
https://www.onskillit.com/home-career-coaching-tutor/,404,https://www.onskillit.com/home-career-coaching-tutor/
https://www.onskillit.com/home-classic-lms-tutor/,404,https://www.onskillit.com/home-classic-lms-tutor/
https://www.onskillit.com/home-coaching-center-tutor/,404,https://www.onskillit.com/home-coaching-center-tutor/
https://www.onskillit.com/home-cooking-courses-tutor/,404,https://www.onskillit.com/home-cooking-courses-tutor/
https://www.onskillit.com/home-corporate-training-tutor/,404,https://www.onskillit.com/home-corporate-training-tutor/
https://www.onskillit.com/home-course-hub-tutor/,404,https://www.onskillit.com/home-course-hub-tutor/
https://www.onskillit.com/home-course-portal-tutor/,404,https://www.onskillit.com/home-course-portal-tutor/
https://www.onskillit.com/home-digital-marketing-tutor/,404,https://www.onskillit.com/home-digital-marketing-tutor/
https://www.onskillit.com/home-education-center-tutor/,404,https://www.onskillit.com/home-education-center-tutor/
https://www.onskillit.com/home-elearning-hub-tutor/,404,https://www.onskillit.com/home-elearning-hub-tutor/
https://www.onskillit.com/home-gym-coaching-tutor/,404,https://www.onskillit.com/home-gym-coaching-tutor/
https://www.onskillit.com/home-kindergarten-tutor/,404,https://www.onskillit.com/home-kindergarten-tutor/
https://www.onskillit.com/home-knowledge-hub-tutor/,404,https://www.onskillit.com/home-knowledge-hub-tutor/
https://www.onskillit.com/home-language-school-tutor/,404,https://www.onskillit.com/home-language-school-tutor/
https://www.onskillit.com/home-learning-center-tutor/,404,https://www.onskillit.com/home-learning-center-tutor/
https://www.onskillit.com/home-learning-hub-tutor/,404,https://www.onskillit.com/home-learning-hub-tutor/
https://www.onskillit.com/home-learning-platform-tutor/,404,https://www.onskillit.com/home-learning-platform-tutor/
https://www.onskillit.com/home-learning-space-tutor/,404,https://www.onskillit.com/home-learning-space-tutor/
https://www.onskillit.com/home-lms-portal-tutor/,404,https://www.onskillit.com/home-lms-portal-tutor/
https://www.onskillit.com/home-marketplace-tutor/,404,https://www.onskillit.com/home-marketplace-tutor/
https://www.onskillit.com/home-motivation-tutor/,404,https://www.onskillit.com/home-motivation-tutor/
https://www.onskillit.com/home-online-academy-tutor/,404,https://www.onskillit.com/home-online-academy-tutor/
https://www.onskillit.com/home-online-course-tutor/,404,https://www.onskillit.com/home-online-course-tutor/
https://www.onskillit.com/home-online-institution-tutor/,404,https://www.onskillit.com/home-online-institution-tutor/
https://www.onskillit.com/home-remote-learning-tutor/,404,https://www.onskillit.com/home-remote-learning-tutor/
https://www.onskillit.com/home-skill-development-tutor/,404,https://www.onskillit.com/home-skill-development-tutor/
https://www.onskillit.com/home-university-classic-tutor/,404,https://www.onskillit.com/home-university-classic-tutor/
https://www.onskillit.com/home-university-tutor/,404,https://www.onskillit.com/home-university-tutor/
https://www.onskillit.com/how-to-turn-education-into-success/,404,https://www.onskillit.com/how-to-turn-education-into-success/
"https://www.onskillit.com/my-account/lost-password/""",404,"https://www.onskillit.com/my-account/lost-password/"""
https://www.onskillit.com/our-team/,404,https://www.onskillit.com/our-team/
https://www.onskillit.com/pricing-table-01/,404,https://www.onskillit.com/pricing-table-01/
https://www.onskillit.com/pricing-table-02/,404,https://www.onskillit.com/pricing-table-02/
https://www.onskillit.com/privacy-policy-2/,404,https://www.onskillit.com/privacy-policy-2/
https://www.onskillit.com/product/book-demo-15/,404,https://www.onskillit.com/product/book-demo-15/
https://www.onskillit.com/program-details/,404,https://www.onskillit.com/program-details/
https://www.onskillit.com/programs-01/,404,https://www.onskillit.com/programs-01/
https://www.onskillit.com/programs-02/,404,https://www.onskillit.com/programs-02/
https://www.onskillit.com/shop-2/,404,https://www.onskillit.com/shop-2/
https://www.onskillit.com/team-grid-02/,404,https://www.onskillit.com/team-grid-02/
https://www.onskillit.com/team-single/,404,https://www.onskillit.com/team-single/
https://www.onskillit.com/term-conditions/,404,https://www.onskillit.com/term-conditions/
https://www.onskillit.com/tut-advanced-course-filter/,404,https://www.onskillit.com/tut-advanced-course-filter/
https://www.onskillit.com/tut-course-grid-01/,404,https://www.onskillit.com/tut-course-grid-01/
https://www.onskillit.com/tut-course-grid-02/,404,https://www.onskillit.com/tut-course-grid-02/
https://www.onskillit.com/tut-course-grid-03/,404,https://www.onskillit.com/tut-course-grid-03/
https://www.onskillit.com/tut-course-grid-04/,404,https://www.onskillit.com/tut-course-grid-04/
https://www.onskillit.com/tut-course-grid-05/,404,https://www.onskillit.com/tut-course-grid-05/
https://www.onskillit.com/tut-course-grid-06/,404,https://www.onskillit.com/tut-course-grid-06/
https://www.onskillit.com/tut-course-grid-layout/,404,https://www.onskillit.com/tut-course-grid-layout/
https://www.onskillit.com/tut-filter-category/,404,https://www.onskillit.com/tut-filter-category/
https://www.onskillit.com/tut-filter-left-sidebar/,404,https://www.onskillit.com/tut-filter-left-sidebar/
https://www.onskillit.com/tut-filter-right-sidebar/,404,https://www.onskillit.com/tut-filter-right-sidebar/
https://www.onskillit.com/wpem-event-grid/,404,https://www.onskillit.com/wpem-event-grid/
https://www.onskillit.com/zoom-meetings/exploring-opportunities-in-global-education/,404,https://www.onskillit.com/zoom-meetings/exploring-opportunities-in-global-education/
